NERC Region,Balancing Authority Code,Transmission or Distribution System Owner ID,SUBRGN
HI,HECO,-9999,HIOA
HI,HECO,-9999,HIOA
NPCC,NYIS,-9999,NYUP
SERC,PJM,-9999,SRVC
WECC,WALC,-9999,AZNM
RFC,PJM,84,RFCE
SERC,PJM,84,RFCE
SERC,MISO,97,SRMW
NPCC,NYIS,122,NYUP
MRO,SWPP,150,MROW
AK,NA,213,AKMS
AK,NA,213,AKMS
AK,NA,219,AKMS
AK,NA,219,AKMS
AK,NA,221,AKMS
AK,NA,221,AKMS
AK,NA,253,AKMS
MRO,MISO,295,MROW
SERC,MISO,298,SPSO
SPP,MISO,298,SPSO
MRO,MISO,309,MROW
MRO,SWPP,309,MROW
RFC,PJM,332,RFCW
RFC,PJM,343,RFCW
SPP,SWPP,343,SPNO
RFC,MISO,392,RFCM
MRO,MISO,405,MROW
MRO,SWPP,405,MROW
SERC,MISO,406,SRMW
MRO,MISO,471,MROW
RFC,MISO,488,RFCW
RFC,PJM,488,RFCW
SPP,SWPP,488,SPSO
MRO,MISO,554,MROW
AK,NA,599,AKGD
RFC,PJM,636,RFCW
MRO,MISO,659,MROE
RFC,MISO,659,RFCW
RFC,PJM,659,RFCW
MRO,MISO,682,MROW
MRO,MISO,689,MROW
MRO,PJM,689,MROW
MRO,SWPP,701,SPNO
SPP,SWPP,701,SPNO
RFC,PJM,733,RFCW
SERC,PJM,733,SRVC
RFC,PJM,768,RFCW
SPP,SWPP,770,SRMW
MRO,MISO,792,MROW
WECC,NA,796,AZNM
WECC,WALC,796,AZNM
SERC,MISO,807,SPSO
SPP,MISO,807,SRMV
MRO,MISO,814,SRMV
SERC,MISO,814,SRMV
SERC,SWPP,814,SRMV
SPP,MISO,814,SRMV
MRO,MISO,817,SRMV
SPP,MISO,817,SRMV
MRO,SWPP,911,SPNO
SPP,SWPP,911,SPNO
MRO,SPA,924,SPNO
SPP,SPA,924,SPNO
SERC,MISO,925,SRMV
RFC,PJM,963,RFCE
MRO,MISO,965,MROW
MRO,SWPP,998,SPNO
SPP,SWPP,998,SPNO
MRO,MISO,1009,MROW
NPCC,PJM,1167,RFCE
RFC,PJM,1167,RFCE
SERC,PJM,1167,RFCE
WECC,PJM,1167,RFCE
MRO,MISO,1172,MROW
MRO,MISO,1251,MROW
AK,NA,1276,AKMS
AK,NA,1276,AKMS
MRO,MISO,1307,MROW
MRO,SWPP,1307,MROW
MRO,WACM,1307,MROW
SPP,SWPP,1307,MROW
WECC,SWPP,1307,MROW
WECC,WACM,1307,MROW
RFC,MISO,1366,RFCM
MRO,SWPP,1435,MROW
RFC,PJM,1456,RFCW
MRO,SWPP,1512,SPNO
SPP,SWPP,1512,SPNO
MRO,SWPP,1525,SPNO
SPP,SWPP,1525,SPNO
MRO,MISO,1573,MROW
RFC,PJM,1615,RFCE
AK,NA,1651,AKMS
RFC,PJM,1674,RFCW
WECC,NA,1674,NWPP
SERC,MISO,1692,SRTV
WECC,AVRN,1738,NWPP
WECC,MISO,1738,MROW
RFC,PJM,1823,RFCE
NPCC,NA,1857,NEWE
MRO,MISO,1869,SRMW
MRO,MISO,1871,MROW
MRO,MISO,1883,MROW
NPCC,NYIS,1970,NYUP
RFC,PJM,2054,RFCW
MRO,MISO,2138,MROW
SERC,MISO,2188,SRMW
RFC,MISO,2192,RFCW
RFC,PJM,2205,RFCW
MRO,MISO,2287,MROW
MRO,SWPP,2394,MROW
RFC,PJM,2439,RFCW
MRO,MISO,2485,MROW
RFC,PJM,2502,RFCW
WECC,WALC,2518,AZNM
MRO,SWPP,2599,MROW
SERC,MISO,2634,SRMW
MRO,SWPP,2641,SPNO
MRO,SWPP,2641,SPNO
MRO,SWPP,2643,MROW
MRO,SWPP,2647,SPNO
SERC,SWPP,2647,SPNO
SPP,SWPP,2647,SPNO
SERC,MISO,2678,SRMV
MRO,SWPP,2774,SPNO
SPP,SWPP,2774,SPNO
HI,NA,2844,HIOA
MRO,SWPP,2931,MROW
SERC,PJM,2982,SRVC
WECC,WACM,2998,RMPA
SERC,MISO,3037,SRMW
RFC,PJM,3046,RFCW
SERC,PJM,3046,SRVC
MRO,SWPP,3113,SPSO
SPP,SWPP,3113,SPSO
SERC,MISO,3153,SRMW
MRO,MISO,3156,MROW
MRO,MISO,3203,MROW
MRO,SWPP,3205,MROW
RFC,PJM,3216,RFCW
RFC,PJM,3230,RFCW
NPCC,NYIS,3249,NYUP
RFC,NYIS,3249,NYUP
SERC,MISO,3252,SRMW
SERC,MISO,3253,SRMW
MRO,MISO,3258,MROW
SERC,MISO,3265,SPSO
SPP,MISO,3265,SPSO
MRO,SWPP,3271,MROW
NPCC,PJM,3278,RFCW
RFC,PJM,3278,RFCW
MRO,MISO,3279,MROW
MRO,SWPP,3279,MROW
SERC,PJM,3291,SRVC
RFC,PJM,3329,RFCW
MRO,SWPP,3355,SPNO
SPP,SWPP,3355,SPNO
MRO,SWPP,3373,MROW
SPP,SPA,3390,SPSO
RFC,MISO,3436,RFCM
WECC,WACM,3461,RMPA
SERC,SWPP,3486,SPNO
SPP,SWPP,3486,SRMW
MRO,MISO,3498,MROW
RFC,PJM,3503,RFCE
AK,AMPL,3522,AKGD
AK,CEA,3522,AKGD
AK,NA,3522,AKGD
AK,NA,3522,AKGD
RFC,PJM,3542,RFCW
SERC,PJM,3542,RFCW
RFC,PJM,3597,RFCE
SERC,SWPP,3634,SRMW
SPP,SWPP,3634,SRMW
SERC,MISO,3702,SRMV
SERC,SPA,3705,SPSO
SERC,SWPP,3705,SRMV
SPP,SPA,3705,SPSO
SERC,MISO,3712,SRMV
RFC,PJM,3755,RFCW
RFC,PJM,3762,RFCW
RFC,PJM,3824,RFCW
MRO,MISO,3828,RFCW
RFC,MISO,3828,RFCW
MRO,SWPP,3892,SPSO
SPP,SWPP,3892,SPSO
RFC,MISO,3915,RFCM
WECC,WACM,3989,RMPA
WECC,WALC,3990,AZNM
RFC,MISO,4007,RFCW
SERC,MISO,4045,SRMW
SERC,SPA,4045,SRMW
WECC,MISO,4045,SRMW
RFC,PJM,4062,RFCW
RFC,NA,4065,RFCW
RFC,PJM,4065,RFCW
MRO,PJM,4110,RFCW
RFC,MISO,4110,RFCW
RFC,PJM,4110,RFCW
SERC,MISO,4110,SRMW
SERC,NA,4110,SRMW
SERC,PJM,4110,RFCW
NPCC,MISO,4110,RFCW
SERC,PJM,4117,SRVC
NPCC,NA,4176,NEWE
NPCC,NYIS,4226,NYCW
RFC,MISO,4226,RFCW
RFC,NYIS,4226,NYCW
WECC,NYIS,4226,NYCW
SERC,NYIS,4226,NYCW
MRO,MISO,4247,MROE
RFC,MISO,4247,MROE
MRO,MISO,4254,RFCM
RFC,MISO,4254,RFCM
MRO,SWPP,4305,MROW
AK,NA,4329,AKMS
AK,NA,4329,AKMS
WECC,NEVP,4356,AZNM
MRO,SWPP,4362,MROW
RFC,MISO,4362,SRMW
MRO,MISO,4363,MROW
MRO,SWPP,4363,MROW
MRO,MISO,4375,MROW
RFC,MISO,4508,RFCW
SERC,MISO,4509,SRMV
MRO,SWPP,4527,MROW
RFC,MISO,4562,RFCM
RFC,MISO,4604,RFCW
SERC,PJM,4619,SRVC
MRO,SWPP,4632,MROW
MRO,SWPP,4661,MROW
MRO,SWPP,4671,MROW
RFC,PJM,4683,RFCW
MRO,MISO,4715,MROW
MRO,MISO,4716,MROW
MRO,MISO,4720,MROW
MRO,WACM,4720,MROW
RFC,PJM,4794,SRVC
SERC,PJM,4794,SRVC
MRO,MISO,4919,MROW
RFC,PJM,4922,RFCW
AK,NA,4959,AKMS
AK,NA,4959,AKMS
RFC,MISO,4960,RFCW
MRO,MISO,5015,MROW
RFC,PJM,5027,RFCE
NPCC,PJM,5027,RFCE
SERC,PJM,5027,RFCE
WECC,WACM,5036,RMPA
MRO,SWPP,5056,MROW
RFC,PJM,5070,RFCE
WECC,WACM,5086,RMPA
RFC,MISO,5107,RFCM
RFC,MISO,5109,RFCM
MRO,MISO,5111,MROW
SERC,PJM,5248,SRVC
RFC,PJM,5335,RFCE
RFC,PJM,5336,RFCW
RFC,PJM,5416,SRVC
MRO,MISO,5416,RFCW
SERC,NA,5416,SRVC
SERC,PJM,5416,SRVC
MRO,MISO,5417,MROW
RFC,PJM,5487,RFCW
MRO,MISO,5529,MROW
MRO,SWPP,5552,MROW
MRO,MISO,5563,MROW
MRO,MISO,5575,MROW
RFC,PJM,5580,RFCW
SERC,PJM,5580,SRTV
MRO,MISO,5605,MROW
RFC,PJM,5625,RFCE
MRO,MISO,5632,MROW
RFC,PJM,5653,RFCW
SERC,PJM,5656,SRVC
MRO,SWPP,5686,SRMW
SERC,GLHB,5748,SRMW
MRO,MISO,5773,MROW
MRO,SWPP,5850,MROW
MRO,SWPP,5860,SPNO
SERC,SWPP,5860,SPNO
SPP,SWPP,5860,SPNO
WECC,WACM,5860,SPNO
MRO,MISO,5905,MROW
RFC,PJM,5935,RFCE
MRO,SWPP,5957,SPNO
SPP,SWPP,5957,SPNO
MRO,MISO,5998,MROW
MRO,MISO,6112,MROW
MRO,SWPP,6132,MROW
MRO,MISO,6138,MROW
SERC,MISO,6141,SRMW
MRO,MISO,6151,MROW
MRO,SWPP,6175,MROW
SERC,MISO,6192,SRMW
MRO,SWPP,6198,SPSO
SPP,SWPP,6198,SPSO
WECC,WACM,6204,AZNM
WECC,WALC,6204,AZNM
SERC,MISO,6205,SRMW
SERC,SWPP,6205,SRMW
SERC,MISO,6206,SRMV
MRO,MISO,6274,MROW
RFC,PJM,6342,RFCE
SERC,MISO,6342,SRMV
RFC,PJM,6389,RFCW
SERC,MISO,6417,SRMW
MRO,MISO,6501,MROW
RFC,PJM,6526,RFCW
MRO,SWPP,6615,MROW
RFC,MISO,6641,RFCM
RFC,PJM,6641,RFCW
AK,NA,6641,AKMS
MRO,MISO,6641,MROW
NPCC,NYIS,6641,NYUP
AK,NA,6660,AKMS
SERC,PJM,6710,SRVC
SERC,PJM,6715,SRVC
MRO,SWPP,6723,MROW
RFC,PJM,6735,RFCW
SERC,SPA,6761,SRMW
SERC,SWPP,6761,SRMW
MRO,SWPP,6762,SPNO
SPP,SWPP,6762,SPNO
SERC,MISO,6764,SRMW
NPCC,NYIS,6775,NYLI
MRO,SWPP,6779,MROW
RFC,PJM,6914,RFCW
AK,NA,6915,AKMS
AK,NA,6915,AKMS
MRO,SWPP,6949,SPNO
SPP,SWPP,6949,SPNO
WECC,WACM,6957,NWPP
WECC,WALC,6957,NWPP
MRO,SWPP,6965,SPNO
SPP,SWPP,6965,SPNO
RFC,MISO,6993,RFCW
RFC,PJM,6993,RFCW
MRO,MISO,7095,MROW
RFC,PJM,7096,RFCW
RFC,PJM,7100,RFCW
RFC,PJM,7256,RFCE
MRO,MISO,7292,MROW
SPP,SWPP,7349,SPSO
AK,NA,7353,AKGD
AK,NA,7353,AKGD
MRO,MISO,7424,MROW
MRO,MISO,7444,MROW
RFC,MISO,7483,RFCM
MRO,MISO,7487,MROW
MRO,SWPP,7490,SPSO
SPP,SWPP,7490,SPSO
MRO,MISO,7494,MROW
MRO,MISO,7570,MROW
WECC,NA,7570,RMPA
WECC,WACM,7570,RMPA
MRO,MISO,7626,MROW
RFC,PJM,7627,RFCW
NPCC,NYIS,7630,NYLI
MRO,MISO,7743,MROW
MRO,NA,7801,MROW
MRO,SWPP,7801,MROW
SERC,MISO,7806,SRMV
SPP,MISO,7806,SRMV
TRE,MISO,7806,SRMV
AK,NA,7833,AKMS
AK,NA,7833,AKMS
RFC,PJM,7908,RFCE
MRO,MISO,7969,MROW
RFC,PJM,7977,RFCW
SERC,MISO,7977,SRTV
SERC,PJM,7977,SRTV
SERC,PJM,7978,SRVC
SERC,MISO,8055,SRMW
MRO,MISO,8122,MROW
RFC,MISO,8179,RFCW
SERC,PJM,8198,SRVC
RFC,MISO,8205,RFCM
MRO,MISO,8212,RFCW
MRO,SWPP,8245,MROW
RFC,PJM,8254,RFCE
HI,NA,8287,HIMS
HI,NA,8287,HIMS
MRO,MISO,8319,MROW
RFC,MISO,8447,RFCW
RFC,MISO,8466,RFCW
WECC,WACM,8566,RMPA
MRO,SWPP,8567,SRMW
SERC,SWPP,8567,SPNO
SPP,NA,8567,SRMW
MRO,WACM,8570,RMPA
WECC,WACM,8570,RMPA
SERC,MISO,8573,SRMW
RFC,MISO,8574,MROW
MRO,MISO,8574,MROW
MRO,MISO,8628,MROW
RFC,MISO,8631,RFCM
MRO,SWPP,8703,SPNO
SPP,SWPP,8703,SPNO
RFC,MISO,8723,RFCM
WECC,WACM,8751,RMPA
WECC,WACM,8773,RMPA
RFC,PJM,8776,RFCE
MRO,MISO,8847,MROW
TRE,MISO,8901,ERCT
RFC,MISO,8901,RFCW
MRO,SWPP,9011,SPNO
SPP,SWPP,9011,SPNO
RFC,MISO,9088,RFCW
SERC,MISO,9096,SPSO
SPP,MISO,9096,SPSO
MRO,MISO,9130,MROW
AK,NA,9188,AKMS
AK,NA,9188,AKMS
RFC,MISO,9208,SRMW
SERC,MISO,9208,SRMW
SERC,MISO,9209,SRMW
MRO,MISO,9230,MROW
MRO,SWPP,9231,SPNO
SPP,SWPP,9231,SPNO
RFC,MISO,9234,RFCW
RFC,MISO,9267,RFCW
RFC,PJM,9269,RFCW
RFC,MISO,9273,RFCW
RFC,MISO,9324,RFCW
RFC,PJM,9324,RFCW
WECC,WACM,9336,RMPA
MRO,MISO,9417,MROW
MRO,SWPP,9425,MROW
SPP,SWPP,9425,MROW
MRO,MISO,9425,MROW
RFC,PJM,9572,RFCW
RFC,PJM,9575,SRTV
SERC,PJM,9575,SRTV
RFC,MISO,9576,RFCW
RFC,PJM,9598,RFCW
NPCC,NYIS,9645,NYUP
MRO,MISO,9650,MROW
RFC,MISO,9665,RFCW
RFC,MISO,9666,RFCW
RFC,PJM,9666,RFCW
RFC,MISO,9667,RFCW
TRE,MISO,9668,ERCT
SERC,MISO,9682,SRMV
RFC,MISO,9690,RFCW
RFC,NA,9726,RFCE
RFC,PJM,9726,RFCE
NPCC,PJM,9726,RFCE
MRO,MISO,9750,RFCW
RFC,MISO,9778,RFCW
SERC,MISO,9879,SPSO
SPP,MISO,9879,SPSO
SPP,SPA,9879,SPSO
AK,NA,9897,AKMS
AK,NA,9897,AKMS
MRO,MISO,9922,MROW
SERC,MISO,9964,SRTV
MRO,SWPP,9996,SPNO
SPP,SWPP,9996,SPNO
MRO,SWPP,10000,SPNO
SERC,SWPP,10000,SPNO
SPP,SWPP,10000,SPNO
MRO,SWPP,10005,SPNO
SPP,SWPP,10005,SPNO
RFC,MISO,10056,RFCW
MRO,MISO,10056,RFCW
HI,NA,10071,HIMS
HI,NA,10071,HIMS
WECC,NA,10071,HIMS
SERC,SPA,10152,SRMV
SERC,SWPP,10152,SRMV
SERC,PJM,10171,SRTV
MRO,MISO,10179,MROW
AK,NA,10210,AKMS
AK,NA,10210,AKMS
WECC,SWPP,10260,MROW
MRO,SWPP,10321,SPNO
SPP,SWPP,10321,SPNO
RFC,PJM,10331,RFCW
SERC,PJM,10331,SRTV
MRO,SWPP,10375,SPSO
SPP,SWPP,10375,SPSO
AK,NA,10433,AKMS
AK,NA,10433,AKMS
AK,NA,10451,AKMS
AK,NA,10451,AKMS
MRO,MISO,10525,MROW
WECC,WACM,10539,RMPA
MRO,MISO,10596,MROW
MRO,MISO,10606,MROW
MRO,MISO,10608,MROW
MRO,MISO,10618,MROW
MRO,MISO,10622,MROW
MRO,SWPP,10628,SPNO
SPP,SWPP,10628,SPNO
MRO,MISO,10685,MROW
RFC,MISO,10704,RFCM
MRO,SWPP,10713,SPNO
SPP,SWPP,10713,SPNO
WECC,WACM,10730,RMPA
MRO,SWPP,10769,MROW
MRO,SWPP,10777,SPSO
SPP,SWPP,10777,SPSO
MRO,MISO,10814,MROW
MRO,SWPP,10817,SPSO
SPP,SWPP,10817,SPSO
RFC,PJM,10830,RFCW
SERC,SWPP,10832,SRMW
SPP,SWPP,10832,SRMW
MRO,MISO,10908,MROW
RFC,PJM,10935,RFCE
MRO,SWPP,10967,MROW
MRO,SWPP,11017,SPNO
SPP,SWPP,11017,SPNO
MRO,SWPP,11018,MROW
MRO,MISO,11053,MROW
RFC,MISO,11055,RFCW
MRO,MISO,11064,MROW
RFC,MISO,11142,RFCW
NPCC,NA,11171,NYLI
NPCC,NYIS,11171,NYLI
RFC,PJM,11171,RFCE
RFC,NYIS,11171,NYLI
RFC,PJM,11203,RFCW
MRO,MISO,11241,SRMV
SERC,MISO,11241,SRMV
SPP,MISO,11241,SRMV
MRO,SWPP,11251,MROW
SPP,SWPP,11251,MROW
RFC,MISO,11268,RFCM
MRO,SWPP,11292,SPSO
SPP,SWPP,11292,SPSO
MRO,MISO,11332,MROW
MRO,SWPP,11332,MROW
MRO,SWPP,11334,SPNO
SPP,SWPP,11334,SPNO
MRO,SWPP,11345,MROW
SERC,SWPP,11460,SRMW
SPP,SWPP,11460,SRMW
MRO,MISO,11479,MROE
MRO,SWPP,11481,MROW
SPP,SWPP,11481,MROW
SERC,MISO,11519,SRSO
SERC,PJM,11560,SRVC
MRO,SWPP,11566,SPSO
SPP,SWPP,11566,SPSO
MRO,SWPP,11581,MROW
MRO,MISO,11611,MROW
SERC,MISO,11626,SRMW
RFC,MISO,11701,MROE
RFC,MISO,11713,RFCM
MRO,MISO,11731,MROW
SERC,SWPP,11732,SRMW
SPP,SWPP,11732,SRMW
SERC,MISO,11736,SRMW
MRO,MISO,11740,MROE
RFC,PJM,11770,RFCW
NPCC,NA,11804,NEWE
NPCC,NYIS,11804,NYUP
AK,NA,11824,AKGD
AK,NA,11824,AKGD
HI,HECO,11843,HIMS
HI,HECO,11843,HIMS
HI,NA,11843,HIMS
HI,NA,11843,HIMS
MRO,SWPP,12087,MROW
AK,NA,12119,AKMS
AK,NA,12119,AKMS
SERC,MISO,12167,SRMW
MRO,MISO,12199,MROW
MRO,SWPP,12199,MROW
MRO,SWPP,12208,SPNO
SPP,SWPP,12208,SPNO
MRO,SWPP,12242,SPNO
SPP,SWPP,12242,SPNO
RFC,PJM,12260,SRVC
MRO,MISO,12286,MROW
MRO,MISO,12298,RFCW
MRO,MISO,12301,MROW
RFC,PJM,12341,MROW
MRO,MISO,12341,MROW
SERC,MISO,12341,MROW
AK,NA,12385,AKMS
AK,NA,12385,AKMS
RFC,PJM,12390,RFCE
MRO,SWPP,12524,SPNO
SPP,SWPP,12524,SPNO
WECC,SWPP,12524,SPNO
RFC,PJM,12540,RFCE
MRO,MISO,12647,MROW
MRO,MISO,12658,MROW
RFC,PJM,12660,RFCW
SERC,PJM,12660,RFCW
SERC,MISO,12685,SRMV
MRO,SWPP,12698,SPNO
SPP,SWPP,12698,SPNO
MRO,MISO,12710,MROW
RFC,PJM,12796,RFCW
RFC,MISO,12807,RFCM
RFC,PJM,12811,RFCW
WECC,NA,12825,NWPP
WECC,WACM,12825,NWPP
MRO,MISO,12839,MROW
RFC,PJM,12861,RFCW
WECC,WACM,12866,NWPP
MRO,SWPP,12894,MROW
MRO,MISO,12897,MROW
MRO,SWPP,12899,MROW
MRO,MISO,12900,MROW
SERC,MISO,12927,SPSO
SPP,MISO,12927,SPSO
RFC,MISO,12929,RFCW
MRO,MISO,13048,MROW
WECC,WACM,13050,RMPA
MRO,SWPP,13095,SPNO
SPP,SWPP,13095,SPNO
RFC,PJM,13119,RFCE
MRO,MISO,13143,MROW
AK,NA,13201,AKMS
AK,NA,13201,AKMS
MRO,MISO,13201,MROW
RFC,PJM,13208,RFCW
RFC,PJM,13209,RFCW
WECC,WALC,13314,NWPP
MRO,SWPP,13337,MROW
SPP,SWPP,13337,MROW
WECC,SWPP,13337,MROW
MRO,WACM,13337,MROW
WECC,NA,13407,AZNM
WECC,NEVP,13407,AZNM
RFC,PJM,13464,RFCW
MRO,MISO,13466,MROW
MRO,MISO,13468,MROW
SERC,MISO,13478,SRMV
MRO,MISO,13480,MROW
SERC,MISO,13483,SPSO
SPP,MISO,13483,SPSO
RFC,NYIS,13511,NYUP
RFC,PJM,13511,RFCW
NPCC,NA,13511,NYUP
NPCC,NYIS,13511,NYUP
NPCC,NYIS,13516,NYUP
RFC,MISO,13525,RFCW
RFC,NYIS,13573,NYUP
NPCC,NYIS,13573,NYUP
SERC,NYIS,13573,NYUP
RFC,PJM,13602,RFCW
SERC,PJM,13640,SRVC
AK,NA,13642,AKMS
AK,NA,13642,AKMS
MRO,SWPP,13664,MROW
SPP,SWPP,13664,MROW
MRO,MISO,13681,MROW
MRO,MISO,13684,MROW
MRO,MISO,13697,MROW
MRO,SWPP,13698,MROW
SERC,SWPP,13738,SRMW
RFC,MISO,13756,RFCW
MRO,SWPP,13757,SPSO
SPP,SWPP,13757,SPSO
MRO,MISO,13780,MROW
MRO,NA,13780,MROW
WECC,WACM,13780,MROW
RFC,MISO,13780,MROW
MRO,MISO,13781,MROW
NPCC,MISO,13781,MROW
RFC,MISO,13781,MROW
MRO,SWPP,13799,SPNO
SPP,SWPP,13799,SPNO
MRO,MISO,13809,MROW
MRO,SWPP,13809,MROW
MRO,MISO,13815,MROW
RFC,MISO,13826,RFCW
AK,NA,13870,AKMS
AK,NA,13870,AKMS
MRO,MISO,13936,MROE
MRO,SWPP,13948,SPNO
SPP,SWPP,13948,SPNO
RFC,PJM,13949,RFCW
MRO,MISO,13964,MROE
RFC,PJM,13998,RFCW
RFC,PJM,14006,RFCW
SERC,PJM,14006,RFCW
RFC,PJM,14015,RFCW
MRO,SWPP,14062,SPSO
MRO,SPA,14063,SPSO
MRO,SWPP,14063,SPSO
SERC,SWPP,14063,SPSO
SPP,SPA,14063,SPSO
SPP,SWPP,14063,SPSO
SPP,SWPP,14077,SPSO
MRO,SWPP,14127,MROW
SPP,SWPP,14127,MROW
NPCC,NYIS,14154,NYUP
RFC,PJM,14154,NYUP
RFC,NYIS,14154,NYUP
RFC,MISO,14160,RFCW
MRO,SWPP,14172,MROW
RFC,PJM,14194,RFCW
MRO,MISO,14201,MROW
MRO,MISO,14202,MROW
MRO,SWPP,14202,MROW
MRO,SWPP,14203,SPNO
SPP,SWPP,14203,SPNO
MRO,SWPP,14229,SPNO
SPP,SWPP,14229,SPNO
MRO,MISO,14232,MROW
MRO,SWPP,14232,MROW
SERC,SPA,14238,SRMV
SERC,MISO,14238,SRMV
MRO,MISO,14246,MROW
MRO,SWPP,14276,SPNO
SPP,SWPP,14276,SPNO
MRO,SWPP,14289,SPSO
SERC,SWPP,14289,SPSO
SPP,SWPP,14289,SPSO
NPCC,NYIS,14294,NYLI
RFC,PJM,14294,RFCE
NPCC,PJM,14328,RFCE
WECC,NA,14328,CAMX
WECC,NA,14354,NWPP
WECC,WACM,14354,NWPP
RFC,PJM,14381,RFCW
MRO,MISO,14433,MROW
MRO,SPA,14446,SPSO
SPP,SPA,14446,SPSO
MRO,SWPP,14460,SRMV
MRO,MISO,14645,MROW
MRO,SWPP,14656,MROW
RFC,MISO,14659,RFCW
NPCC,PJM,14711,RFCE
RFC,PJM,14711,RFCE
MRO,MISO,14715,MROW
RFC,PJM,14715,RFCE
MRO,MISO,14716,MROW
RFC,PJM,14716,RFCW
RFC,PJM,14792,RFCE
RFC,MISO,14839,RFCW
RFC,MISO,14840,SRMW
AK,NA,14856,AKMS
AK,NA,14856,AKMS
NPCC,PJM,14940,RFCE
RFC,PJM,14940,RFCE
SERC,PJM,14940,RFCE
WECC,PJM,14940,RFCE
SERC,PJM,15016,SRTV
MRO,SWPP,15073,SPNO
SPP,SWPP,15073,SPNO
RFC,PJM,15095,RFCW
SERC,MISO,15137,SPSO
SPP,MISO,15137,SPSO
WECC,WACM,15143,RMPA
WECC,WACM,15143,RMPA
MRO,MISO,15180,MROW
MRO,SWPP,15188,MROW
MRO,SWPP,15202,SPSO
SPP,SWPP,15202,SPSO
SERC,SWPP,15229,SPSO
SPP,SPA,15229,SPSO
SPP,SWPP,15229,SPSO
RFC,MISO,15246,RFCM
WECC,WACM,15257,RMPA
RFC,PJM,15263,RFCW
NPCC,PJM,15270,RFCE
RFC,PJM,15270,RFCE
SERC,PJM,15270,RFCE
MRO,SWPP,15291,SPNO
SPP,SWPP,15291,SPNO
NPCC,NYIS,15296,NYUP
MRO,SWPP,15321,SPNO
SPP,SWPP,15321,SPNO
RFC,MISO,15340,RFCM
MRO,MISO,15349,MROW
MRO,MISO,15377,MROW
MRO,MISO,15387,MROW
RFC,PJM,15387,RFCE
SERC,MISO,15388,SRMW
RFC,PJM,15432,RFCW
RFC,PJM,15466,RFCE
WECC,PS,15466,RMPA
WECC,SWPP,15466,RMPA
WECC,WACM,15466,RMPA
MRO,SWPP,15466,RMPA
RFC,MISO,15470,RFCW
RFC,PJM,15470,RFCW
SERC,PJM,15470,RFCW
MRO,MISO,15470,RFCW
WECC,GRIS,15473,SPSO
MRO,SPA,15474,SPSO
MRO,SWPP,15474,SPSO
SERC,SWPP,15474,SPSO
SPP,SWPP,15474,SPSO
TRE,SWPP,15474,ERCT
NPCC,NYIS,15477,NYLI
NPCC,PJM,15477,RFCE
RFC,NA,15477,RFCE
RFC,PJM,15477,RFCE
RFC,PJM,15619,RFCW
SERC,MISO,15728,SPSO
SPP,MISO,15728,SPSO
SERC,MISO,15772,SRMW
MRO,SWPP,15773,MROW
MRO,MISO,15793,MROW
MRO,MISO,15845,MROW
RFC,MISO,15860,RFCW
RFC,PJM,15989,RFCW
MRO,MISO,16060,MROW
SPP,SWPP,16063,SPSO
RFC,PJM,16179,RFCW
MRO,MISO,16181,MROW
NPCC,NYIS,16183,NYUP
RFC,MISO,16198,SRMW
MRO,SWPP,16206,MROW
MRO,MISO,16211,MROW
RFC,MISO,16211,RFCW
NPCC,NYIS,16217,NYLI
SERC,MISO,16259,SRMW
SERC,SWPP,16259,SRMW
SPP,SWPP,16259,SRMW
RFC,PJM,16558,RFCW
MRO,MISO,16611,SRMW
SERC,MISO,16613,SRMV
WECC,WACM,16616,RMPA
WECC,WACM,16622,RMPA
MRO,SWPP,16667,MROW
MRO,MISO,16740,MROE
SERC,PJM,16788,SRVC
RFC,MISO,16830,RFCW
RFC,PJM,16864,RFCE
MRO,SWPP,16920,SPNO
RFC,PJM,16951,RFCW
MRO,SWPP,16953,MROW
AK,NA,16955,AKGD
AK,NA,16955,AKGD
MRO,MISO,16971,MROW
MRO,SWPP,16988,SPNO
SPP,SWPP,16988,SPNO
RFC,PJM,17043,RFCW
RFC,PJM,17066,RFCW
SERC,PJM,17066,RFCW
SERC,SWPP,17106,SRMW
SPP,SWPP,17106,SRMW
WECC,NEVP,17166,NWPP
SERC,SPA,17177,SPSO
SPP,SPA,17177,SPSO
MRO,MISO,17267,MROW
AK,NA,17271,AKMS
AK,NA,17271,AKMS
MRO,MISO,17550,MROW
MRO,SWPP,17561,SPSO
SPP,SWPP,17561,SPSO
SERC,MISO,17568,SRSO
MRO,SWPP,17577,MROW
MRO,MISO,17583,MROW
SERC,MISO,17585,SRMW
WECC,WACM,17592,RMPA
WECC,NA,17609,CAMX
SERC,MISO,17631,SRMW
SERC,MISO,17632,SRMW
RFC,MISO,17633,RFCW
SERC,MISO,17633,RFCW
RFC,PJM,17637,RFCE
MRO,SWPP,17642,MROW
SERC,MISO,17647,SRSO
SERC,MISO,17683,SRMV
MRO,SWPP,17692,MROW
SPP,SWPP,17692,MROW
SERC,MISO,17697,SRMW
MRO,MISO,17698,SPSO
MRO,SWPP,17698,SPSO
SERC,SWPP,17698,SPSO
SPP,MISO,17698,SPSO
SPP,SWPP,17698,SPSO
SERC,MISO,17698,SPSO
MRO,SWPP,17715,AZNM
MRO,SPA,17716,SPSO
MRO,SWPP,17716,SPSO
SERC,SPA,17716,SRMV
SPP,SPA,17716,SPSO
SPP,SWPP,17716,SPSO
MRO,SWPP,17718,SPSO
SPP,SWPP,17718,SPSO
TRE,SWPP,17718,SPSO
WECC,SWPP,17718,SPSO
MRO,SWPP,17727,MROW
MRO,MISO,17783,MROW
MRO,MISO,17811,MROW
MRO,MISO,17824,MROW
SERC,MISO,17828,SRMW
MRO,MISO,17833,SPSO
MRO,SWPP,17833,SPSO
SERC,SWPP,17833,SPSO
SPP,MISO,17833,SPSO
SPP,SWPP,17833,SPSO
MRO,MISO,17836,MROW
MRO,MISO,17858,MROW
MRO,MISO,17868,MROW
MRO,MISO,17876,MROW
RFC,MISO,17886,RFCM
RFC,PJM,17891,RFCW
MRO,SWPP,18125,SPSO
SPP,SWPP,18125,SPSO
MRO,MISO,18177,MROW
MRO,MISO,18204,MROW
MRO,SWPP,18230,MROW
RFC,PJM,18252,RFCW
SERC,MISO,18277,SRMW
WECC,WALC,18280,AZNM
MRO,MISO,18301,MROW
MRO,SWPP,18301,MROW
MRO,SWPP,18315,SPNO
SPP,SWPP,18315,SPNO
MRO,MISO,18383,MROW
NPCC,NA,18488,NEWE
SERC,PJM,18498,SRTV
MRO,SWPP,18525,MROW
RFC,MISO,18538,RFCW
MRO,SWPP,18642,SPNO
SPP,SWPP,18642,SPNO
MRO,MISO,18820,MROW
RFC,MISO,18895,RFCM
RFC,PJM,18940,RFCW
RFC,MISO,18942,RFCW
AK,NA,18963,AKMS
AK,NA,18963,AKMS
RFC,PJM,18997,RFCW
WECC,WACM,19032,RMPA
MRO,MISO,19062,MROW
SERC,PJM,19108,SRVC
RFC,MISO,19125,RFCM
SERC,SWPP,19150,SPNO
SPP,SWPP,19150,SRMW
WECC,WACM,19156,RMPA
MRO,MISO,19157,MROW
MRO,MISO,19237,MROW
AK,NA,19277,AKMS
AK,NA,19277,AKMS
RFC,PJM,19390,RFCE
SERC,MISO,19436,SRMW
RFC,MISO,19445,RFCW
SERC,PJM,19446,SRTV
AK,NA,19454,AKMS
AK,NA,19454,AKMS
SERC,MISO,19474,SRMW
WECC,WACM,19499,RMPA
MRO,MISO,19545,MROW
MRO,WACM,19545,MROW
WECC,WACM,19545,RMPA
WECC,SWPP,19545,RMPA
HI,NA,19547,HIOA
HI,NA,19547,HIOA
HI,HECO,19547,HIOA
AK,NA,19553,AKMS
AK,CEA,19558,AKGD
AK,NA,19558,AKGD
AK,NA,19558,AKGD
MRO,MISO,19578,MROE
RFC,MISO,19578,MROE
WECC,WALC,19604,AZNM
RFC,MISO,19667,RFCW
MRO,SWPP,19677,MROW
RFC,PJM,19805,RFCW
MRO,MISO,19813,MROW
MRO,SWPP,19820,SPNO
SPP,SWPP,19820,SPNO
WECC,NEVP,19840,NWPP
MRO,MISO,19843,MROW
RFC,PJM,19856,RFCE
RFC,PJM,19876,SRVC
SERC,PJM,19876,SRVC
WECC,PJM,19876,SRVC
NPCC,PJM,19876,SRVC
RFC,PJM,19882,RFCW
MRO,MISO,19883,MROW
RFC,PJM,19951,RFCW
RFC,MISO,20021,RFCW
RFC,PJM,20077,RFCW
RFC,MISO,20139,RFCW
SERC,MISO,20180,SRMW
MRO,MISO,20213,MROE
MRO,MISO,20214,MROW
MRO,SWPP,20219,MROW
SERC,SWPP,20224,SRMW
SPP,SWPP,20224,SRMW
MRO,MISO,20259,MROW
RFC,PJM,20313,RFCW
MRO,MISO,20380,MROW
RFC,PJM,20387,RFCW
MRO,SWPP,20397,MROW
MRO,SWPP,20404,SPSO
RFC,PJM,20404,RFCW
SPP,SWPP,20404,SPSO
MRO,SWPP,20413,MROW
MRO,WACM,20413,MROW
MRO,MISO,20421,MROW
MRO,MISO,20430,MROW
MRO,SWPP,20447,SPSO
SPP,SWPP,20447,SPSO
MRO,SWPP,20456,MROW
MRO,SWPP,20510,SPNO
SPP,SWPP,20510,SPNO
RFC,PJM,20521,RFCW
MRO,MISO,20737,MROW
MRO,MISO,20806,MROW
SERC,PJM,20811,SRVC
MRO,SWPP,20813,SPNO
SPP,SWPP,20813,SPNO
RFC,PJM,20824,RFCW
MRO,MISO,20835,MROW
MRO,MISO,20847,RFCW
RFC,MISO,20847,RFCW
MRO,MISO,20856,MROE
RFC,MISO,20856,MROE
MRO,MISO,20860,MROE
RFC,MISO,20860,MROE
MRO,SWPP,20880,MROW
RFC,MISO,20910,RFCM
RFC,NA,20910,RFCM
SERC,MISO,20963,SRMV
RFC,PJM,20979,RFCW
MRO,MISO,20996,MROW
MRO,MISO,21013,MROW
AK,NA,21015,AKMS
AK,NA,21015,AKMS
RFC,MISO,21048,RFCM
SERC,NA,21093,SRTV
SERC,PJM,21093,SRVC
SERC,MISO,21095,SRMV
MRO,SWPP,21111,MROW
SERC,MISO,21114,SRMV
RFC,MISO,21158,RFCM
SERC,PJM,21244,SRVC
MRO,SWPP,21533,SPNO
SPP,SWPP,21533,SPNO
WECC,WALC,21538,AZNM
RFC,PJM,22053,RFCW
MRO,SWPP,22500,SPNO
SPP,SWPP,22500,SPNO
SERC,SWPP,22500,SRMW
RFC,MISO,22822,RFCW
MRO,MISO,24558,MROE
MRO,MISO,25177,MROW
MRO,NA,25177,MROW
MRO,WACM,25177,MROW
AK,NA,26616,AKMS
AK,NA,26616,AKMS
NPCC,NYIS,26650,NYUP
MRO,MISO,27000,MROW
MRO,WAUW,27000,MROW
RFC,MISO,27599,RFCW
MRO,MISO,29295,MROW
AK,NA,29297,AKMS
AK,NA,29297,AKMS
MRO,MISO,29305,MROW
AK,NA,30150,AKMS
AK,NA,30150,AKMS
WECC,WALC,30151,AZNM
WECC,WACM,30151,RMPA
RFC,PJM,33143,RFCE
SERC,PJM,33143,RFCE
SPP,MISO,34474,SPSO
RFC,PJM,34600,RFCE
RFC,MISO,34672,RFCM
RFC,MISO,38084,RFCM
SERC,MISO,39347,SRMV
RFC,PJM,40167,RFCE
RFC,MISO,40211,RFCW
AK,NA,40215,AKMS
AK,NA,40215,AKMS
RFC,PJM,40228,RFCW
SERC,PJM,40228,SRVC
RFC,PJM,40229,RFCE
SERC,PJM,40229,SRVC
SERC,MISO,40307,SRMW
AK,NA,40548,AKMS
AK,NA,40548,AKMS
MRO,MISO,40580,MROW
MRO,SWPP,40606,MROW
AK,NA,42889,AKGD
WECC,NA,44372,NWPP
AK,NA,49803,AKGD
AK,NA,49803,AKGD
MRO,MISO,49986,MROW
NPCC,NA,54913,NEWE
MRO,MISO,55207,MROW
RFC,MISO,55304,RFCW
HI,NA,55332,HIMS
RFC,PJM,55722,RFCW
NPCC,PJM,55897,RFCE
RFC,PJM,55897,RFCE
SERC,MISO,55936,SRMV
SPP,MISO,55936,SRMV
SERC,MISO,55937,SRMV
SPP,MISO,55937,SRMV
TRE,MISO,55937,SRMV
SPP,SWPP,56032,SPNO
MRO,MISO,56068,MROW
RFC,MISO,56068,RFCM
RFC,PJM,56068,RFCM
MRO,MISO,56088,MROW
RFC,MISO,56088,MROE
WECC,WALC,56139,AZNM
WECC,WACM,56146,RMPA
MRO,MISO,56149,MROW
SPP,SWPP,56149,SPSO
TRE,SWPP,56149,SPSO
WECC,SWPP,56149,RMPA
RFC,MISO,56155,RFCM
MRO,MISO,56161,MROW
RFC,MISO,56161,RFCM
SPP,SWPP,56161,SPNO
SERC,MISO,56161,MROW
MRO,MISO,56162,MROW
RFC,MISO,56162,MROE
RFC,PJM,56162,RFCW
MRO,MISO,56163,RFCM
NPCC,MISO,56163,RFCM
RFC,MISO,56163,RFCM
RFC,MISO,56169,RFCW
RFC,PJM,56318,RFCW
SPP,SWPP,56403,SPSO
NPCC,NYIS,56404,NYUP
NPCC,PJM,56404,RFCE
MRO,MISO,56526,MROW
MRO,SWPP,56526,SPNO
SPP,SWPP,56526,SPNO
RFC,PJM,56584,RFCE
SPP,SWPP,56622,SPSO
MRO,MISO,56697,SRMW
MRO,PJM,56697,SRMW
RFC,MISO,56697,SRMW
SERC,MISO,56697,SRMW
SERC,GLHB,56697,SRMW
SPP,SPA,56950,SPSO
WECC,NEVP,56957,AZNM
MRO,MISO,56973,MROW
MRO,MISO,57046,MROW
SERC,MISO,57077,SRMW
WECC,NEVP,57222,CAMX
MRO,MISO,57284,MROW
RFC,PJM,57300,RFCW
RFC,PJM,57317,RFCW
RFC,PJM,57322,RFCE
MRO,MISO,57332,MROW
MRO,MISO,57342,MROW
SPP,SWPP,57352,SPSO
RFC,MISO,57440,RFCW
MRO,SWPP,57483,SPNO
AK,NA,57494,AKMS
NPCC,NYIS,58110,NYLI
RFC,MISO,58148,RFCW
NPCC,NYIS,58154,NYUP
RFC,PJM,58159,RFCE
RFC,PJM,58164,RFCW
SERC,MISO,58164,SRMW
SERC,NA,58164,SRVC
SERC,MISO,58173,SRMV
RFC,PJM,58220,RFCW
RFC,PJM,58357,RFCE
RFC,PJM,58361,RFCW
AK,NA,58368,AKGD
SERC,MISO,58425,SRMV
MRO,MISO,58450,MROW
RFC,PJM,58485,RFCE
NPCC,NYIS,58487,NYUP
WECC,NEVP,58516,AZNM
RFC,PJM,58620,RFCW
NPCC,NYIS,58651,NYUP
WECC,WACM,58675,RMPA
RFC,PJM,58701,RFCW
RFC,PJM,58807,RFCW
SERC,PJM,58862,RFCE
RFC,PJM,58901,RFCW
SERC,MISO,59164,SRMV
SERC,MISO,59495,SRMW
NPCC,IS,59497,NEWE
RFC,PJM,59667,RFCW
MRO,SPA,60482,SPSO
RFC,MISO,60744,RFCM
AK,NA,60770,AKMS
MRO,SWPP,64196,SPNO
SERC,SWPP,64428,SPNO
RFC,PJM,64777,RFCE
WECC,NEVP,99999,AZNM
RFC,PJM,994,RFCW
SERC,MISO,4716,MROW
WECC,WACM,5862,RMPA
RFC,PJM,8034,RFCW
RFC,PJM,8447,RFCW
NPCC,NYIS,9726,RFCE
MRO,SWPP,10019,SPNO
RFC,MISO,10407,RFCW
MRO,MISO,12667,MROW
MRO,WACM,13781,MROW
RFC,PJM,15541,RFCE
RFC,PJM,16196,RFCW
RFC,PJM,16780,RFCE
RFC,MISO,16873,RFCM
SERC,SWPP,19436,SRMW
RFC,PJM,20232,RFCE
MRO,MISO,55937,SRMV
RFC,PJM,56697,SRMW
AK,NA,60123,AKGD
MRO,MISO,65636,MROW
